question,options,correct_answer
"If you like someone right away, it is said that you have ""taken a"" what ""to him""?","['⬥ A:Gloss', '⬥ B:Shine', '⬥ C:Glare', '⬥ D:Can of Reddi-wip']",⬥ B:Shine
"A resident of a small town is said to be a ""local"" what?","['⬥ A:Yogurt', '⬥ B:Yam', '⬥ C:Yokel', '⬥ D:Yoko Ono']",⬥ C:Yokel
A Brillo Pad is commonly used to do what?,"['⬥ A:Mop the floor', '⬥ B:Clean pots and pans', '⬥ C:Heat food', '⬥ D:Exfoliate']",⬥ B:Clean pots and pans
"On a standard hopscotch surface, what is usually drawn inside each square?","['⬥ A:Letter', '⬥ B:Number', '⬥ C:Star', '⬥ D:Stick figure']",⬥ B:Number
Which of these contractions is considered to be improper English?,"[""⬥ A:Don't"", ""⬥ B:Ain't"", ""⬥ C:Won't"", ""⬥ D:Can't""]",⬥ B:Ain't
Which of the following gems is often classified as either natural or cultured?,"['⬥ A:Pearl', '⬥ B:Emerald', '⬥ C:Ruby', '⬥ D:Diamond']",⬥ A:Pearl
Which of these crops is most likely to be harvested using a combine?,"['⬥ A:Cabbage', '⬥ B:Wheat', '⬥ C:Grapes', '⬥ D:Apples']",⬥ B:Wheat
"Known for its artist community, the town of Taos is located in what U.S. state?","['⬥ A:Arizona', '⬥ B:Oregon', '⬥ C:Colorado', '⬥ D:New Mexico']",⬥ D:New Mexico
"In his 1998  song ""Hard Knock Life,"" Jay-Z samples a song from what Broadway musical?","['⬥ A:A Chorus Line', '⬥ B:42nd Street', '⬥ C:Annie', '⬥ D:West Side Story']",⬥ C:Annie
"On the TV series ""Crossing Jordan,"" what is the title character's occupation?","['⬥ A:Defense attorney', '⬥ B:Child psychologist', '⬥ C:Private investigator', '⬥ D:Medical examiner']",⬥ D:Medical examiner
"What dinosaur gets its name from the Latin words meaning ""swift robber""?","['⬥ A:Triceratops', '⬥ B:Stegosaurus', '⬥ C:Velociraptor', '⬥ D:Tyrannosaurus']",⬥ C:Velociraptor
"In 1977, Janet Guthrie became the first woman to compete in what sporting event?","[""⬥ A:America's Cup"", '⬥ B:Kentucky Derby', '⬥ C:Indy 500', '⬥ D:Boston Marathon']",⬥ C:Indy 500
"What is the dot over the letter ""i"" called?""Phone-a-Friend"" and ""50:50""lifelinesused.","['⬥ A:Abb', '⬥ B:Tittle', '⬥ C:Dation', '⬥ D:Blip']",⬥ B:Tittle
The Reina Sofia Art Center is located in what European city?'50:50' lifeline used,"['⬥ A:Madrid', '⬥ B:Lisbon', '⬥ C:Rome', '⬥ D:Vienna']",⬥ A:Madrid
"When Charles Lindbergh made the first nonstop transatlantic flight, he flew between which two cities?'50:50' lifeline used","['⬥ A:Toronto and Stockholm', '⬥ B:Chicago and London', '⬥ C:Saint Louis and Dublin', '⬥ D:New York and Paris']",⬥ D:New York and Paris
What kind of food is pastrami?'50:50' lifeline used,"['⬥ A:dried salmon', '⬥ B:smoked beef', '⬥ C:cured ham', '⬥ D:salted bacon']",⬥ B:smoked beef
Which of these appears on the reverse of a twenty dollar bill?'50:50' lifeline used,"['⬥ A:Lincoln Memorial', '⬥ B:U.S. Capitol', '⬥ C:White House', '⬥ D:U.S. Treasury']",⬥ C:White House
"Traditionally, what is the only occasion when alcohol is allowed into the chamber of the House of Commons?'50:50' and 'Ask the Audience' lifelines used","[""⬥ A:PM's question time"", '⬥ B:Budget Speech', '⬥ C:State opening', '⬥ D:Election of new Speaker']",⬥ B:Budget Speech
New Sarum is the former name of which city?'50:50' and 'Ask the Audience' lifelines used,"['⬥ A:Salisbury', '⬥ B:Stoke-on-Trent', '⬥ C:Shrewsbury', '⬥ D:Sheffield']",⬥ A:Salisbury
Jiffy Pop is a popular brand of what?,"['⬥ A:Popcorn', '⬥ B:Soft drink', '⬥ C:Popsicle', '⬥ D:Viagra']",⬥ A:Popcorn
"In the 1975 movie ""Jaws"", what kind of shark is the title character?","['⬥ A:Mako shark', '⬥ B:Hammerhead shark', '⬥ C:Great white shark', '⬥ D:Tiger shark']",⬥ C:Great white shark
"In its U.S. version, which of these board games requires you to collect six wedge-shaped pieces to win?","['⬥ A:Risk', '⬥ B:Trivial Pursuit', '⬥ C:Life', '⬥ D:Candy Land']",⬥ B:Trivial Pursuit
A blindfolded woman carrying a scale is traditionally used to represent which of these concepts?,"['⬥ A:Justice', '⬥ B:Liberty', '⬥ C:Wisdom', '⬥ D:Community']",⬥ A:Justice
The period known as the Renaissance takes its name from a word meaning what?,"['⬥ A:Enlightenment', '⬥ B:Truth', '⬥ C:Rebirth', '⬥ D:Victory']",⬥ C:Rebirth
"People would most likely use the mnemonic ""Every good boy does fine"" when doing what?","['⬥ A:Learning geography', '⬥ B:Reading music', '⬥ C:Reading Latin', '⬥ D:Learning to type']",⬥ B:Reading music
What is the national capital of Canada?,"['⬥ A:Winnipeg', '⬥ B:Calgary', '⬥ C:Edmonton', '⬥ D:Ottawa']",⬥ D:Ottawa
"In the U.S., how many tablespoons are in a cup?'Ask the Audience' and '50:50' lifelines used","['⬥ A:12', '⬥ B:16', '⬥ C:18', '⬥ D:24']",⬥ B:16
"In the human body, adrenaline is produced by glands located on top of which of these organs?","['⬥ A:Lungs', '⬥ B:Liver', '⬥ C:Stomach', '⬥ D:Kidneys']",⬥ D:Kidneys
Which of these scientists became famous for his theoretical work on black holes?'Phone-a-Friend' lifeline used,"['⬥ A:Carl Sagan', '⬥ B:Richard Feynman', '⬥ C:Stephen Hawking', '⬥ D:Freeman Dyson']",⬥ C:Stephen Hawking
"What U.S. Senator was known as ""The Great Compromiser"" for his efforts to keep the Union from dividing?","['⬥ A:Daniel Webster', '⬥ B:Stephen Douglas', '⬥ C:John C. Calhoun', '⬥ D:Henry Clay']",⬥ D:Henry Clay
Which of these articles of clothing is usually held in place by straps tied around the neck?,"['⬥ A:Camisole', '⬥ B:Tank Top', '⬥ C:Halter Top', '⬥ D:Straitjacket']",⬥ C:Halter Top
"The sequel to what popular 1990s movie is subtitled ""Back in the Habit""?","['⬥ A:Batman', '⬥ B:Ghost', '⬥ C:Home Alone', '⬥ D:Sister Act']",⬥ D:Sister Act
"Children usually experience discomfort known as ""growing pains"" in what part of the body?","['⬥ A:Neck', '⬥ B:Shoulders', '⬥ C:Legs', '⬥ D:Wrists']",⬥ C:Legs
"In the classic TV ads, what was the usual answe to the question ""Pardon me, but do you have any Grey Poupon?""","['⬥ A:Surely I do', '⬥ B:But of course', '⬥ C:Well let me check', '⬥ D:Say please']",⬥ B:But of course
"Introduced in 2001, Harmony is a breakfast cereal targeted toward what category of consumer?'Ask The Audience' lifeline used","['⬥ A:Women', '⬥ B:Kids', '⬥ C:Seniors', '⬥ D:Athletes']",⬥ A:Women
"Publisher John Bartlett is best known for his 1855 book titled ""Familiar"" what?'50:50' lifeline used","['⬥ A:Birds', '⬥ B:Familiy names', '⬥ C:Quotations', '⬥ D:Cities']",⬥ C:Quotations
Who served as U.S. vice president under President Dwight D. Eisenhower?'Phone-a-Friend' lifeline used,"['⬥ A:Nelson Rockefeller', '⬥ B:Spiro Agnew', '⬥ C:Lyndon Johnson', '⬥ D:Richard Nixon']",⬥ D:Richard Nixon
Break dancing is most often performed to what type of music?,"['⬥ A:Rap', '⬥ B:Country', '⬥ C:Classical', '⬥ D:The theme to “Jeopardy”']",⬥ A:Rap
What additional flavoring gives the soft drink Pepsi Twist its “twist”?,"['⬥ A:Cherry', '⬥ B:Vanilla', '⬥ C:Ginger', '⬥ D:Lemon']",⬥ D:Lemon
Hospital “candy stripers” were named for their uniforms which features what color stripes?,"['⬥ A:Red and white', '⬥ B:Blue and green', '⬥ C:Orange and yellow', '⬥ D:Purple and gold']",⬥ A:Red and white
Sherpas are people known for their ability to lead treks through what mountains?,"['⬥ A:Andes', '⬥ B:Himalayas', '⬥ C:Rockies', '⬥ D:Alps']",⬥ B:Himalayas
The Kentucky Derby is also known as the “Run for the” what?,"['⬥ A:Money', '⬥ B:Rainbow', '⬥ C:Roses', '⬥ D:Gold']",⬥ C:Roses
"In the Wham! song “Wake Me Up Before You Go Go,” what dance is mentioned repeatedly?'Ask the Audience' lifeline used","['⬥ A:Rumba', '⬥ B:Merengue', '⬥ C:Jitterbug', '⬥ D:Can-can']",⬥ C:Jitterbug
"What TV comedian’s signatures sign-off was “Good night, Mrs Calabash, wherever you are”?","['⬥ A:Jimmy Durante', '⬥ B:Jack Benny', '⬥ C:George Burns', '⬥ D:Sid Caesar']",⬥ A:Jimmy Durante
Edmond Dantès is a fictional character better known by what name?,"['⬥ A:Zorba the Greek', '⬥ B:The Count of Monte Cristo', '⬥ C:The Merchant of Venice', '⬥ D:The Idiot']",⬥ B:The Count of Monte Cristo
The Fujita Scale measures the amount of damage caused by what natural disaster?,"['⬥ A:Tornado', '⬥ B:Forest fire', '⬥ C:Flood', '⬥ D:Earthquake']",⬥ A:Tornado
"In a famous movie scene, Mae West says, “Why don’t you come up sometime and see me?” to what actor?’Phone-a-Friend' and ’50:50’ lifelines used","['⬥ A:Gary Cooper', '⬥ B:Clark Gable', '⬥ C:Cary Grant', '⬥ D:Montgomery Clift']",⬥ C:Cary Grant
"“To serve, not to be served” is the motto of what organization?","['⬥ A:AARP', '⬥ B:American Red Cross', '⬥ C:Salvation Army', '⬥ D:NAACP']",⬥ A:AARP
"In their best-selling advice books, 'The Beardstown Ladies' claimed to have abnormal success with what?""50:50"" Lifeline used","['⬥ A:Finding romance', '⬥ B:Losing weight', '⬥ C:Picking stocks', '⬥ D:Maintaining youth']",⬥ C:Picking stocks
"Anthracite is a highly pure form of what substance?""Phone a Friend"" Lifeline used","['⬥ A:Coal', '⬥ B:Marble', '⬥ C:Iron', '⬥ D:Quartz']",⬥ A:Coal
The twelve signs of the zodiac are named after what?,"['⬥ A:Constellations', '⬥ B:Rivers', '⬥ C:Rock formations', '⬥ D:Strip malls']",⬥ A:Constellations
"On the TV game show ""The Price is Right,"" contestants do what to try to get into the ""Showcase Showdown""?","['⬥ A:Pick a card', '⬥ B:Spin a large wheel', '⬥ C:Choose a door', '⬥ D:Roll a pair of dice']",⬥ B:Spin a large wheel
"In 1996, what rock band resumed wearing its trademark black-and-white makeup?","['⬥ A:AC/DC', '⬥ B:Black Sabbath', '⬥ C:Aerosmith', '⬥ D:Kiss']",⬥ D:Kiss
"A famous WWII battle site, Iwo Jima is an island of what country?'Ask the Audience' lifeline used","['⬥ A:Japan', '⬥ B:United States', '⬥ C:China', '⬥ D:Philippines']",⬥ A:Japan
"Folk hero Paul Bunyan was companions with Babe, a giant blue what?","['⬥ A:Ox', '⬥ B:Bear', '⬥ C:Mountain lion', '⬥ D:Wolf']",⬥ A:Ox
"What pro wrestler's signature facial expression is called ""The People's Eyebrow""?","['⬥ A:Goldberg', '⬥ B:Stone Cold Steve Austin', '⬥ C:The Rock', '⬥ D:Mick Foley']",⬥ C:The Rock
"Which of these ""nuts"" is actually a legume?'50:50' lifeline used","['⬥ A:Peanut', '⬥ B:Cashew', '⬥ C:Chestnut', '⬥ D:Beechnut']",⬥ A:Peanut
"In golf, scoring one stroke under par on a hole is called a what?","['⬥ A:Doggie', '⬥ B:Duckie', '⬥ C:Birdie', '⬥ D:Miracle']",⬥ C:Birdie
"The childhood prank known as a ""wet willie"" involves putting a wet finger in someone's what?","['⬥ A:Ear', '⬥ B:Armpit', '⬥ C:Nose', '⬥ D:Belly button']",⬥ A:Ear
"What business's name is a term for a small, economically dependent country?","['⬥ A:Tropicana', '⬥ B:Banana Republic', '⬥ C:Crate & Barrel', '⬥ D:Aeropostale']",⬥ B:Banana Republic
A popular ad campaign for Lubriderm skin care lotions features what animal?,"['⬥ A:Alligator', '⬥ B:Porcupine', '⬥ C:Camel', '⬥ D:Dolphin']",⬥ A:Alligator
"In January 2002, President George W. Bush fainted and bruised his cheek after choking on what?","['⬥ A:Pretzel', '⬥ B:Chicken wing', '⬥ C:Apple', '⬥ D:Carrot']",⬥ A:Pretzel
"In 1896, Bostonian Fannie Farmer published a classic book on what subject?‘Ask the Audience’ lifeline used","['⬥ A:Etiquette', '⬥ B:Fashion', '⬥ C:Grammar', '⬥ D:Cooking']",⬥ D:Cooking
What layer of the Earth's atmosphere is farthest from its surface?,"['⬥ A:Stratosphere', '⬥ B:Exosphere', '⬥ C:Thermosphere', '⬥ D:Troposphere']",⬥ B:Exosphere
Flokati and kilim are popular types of what home furnishing?'50:50' lifeline used,"['⬥ A:Hanging lamps', '⬥ B:Draperies', '⬥ C:Rugs', '⬥ D:Vases']",⬥ C:Rugs
The first band John Lennon and Paul McCartney played together was named what?,"['⬥ A:The Quarrymen', '⬥ B:The Merseybeats', '⬥ C:The Undertakers', '⬥ D:The Big Three']",⬥ A:The Quarrymen
"What movie studio's logo features the slogan “Ars Gratia Artis,” meaning “Art for Art's Sake”?","['⬥ A:Paramount', '⬥ B:Universal', '⬥ C:MGM', '⬥ D:Columbia']",⬥ C:MGM
"Found in many animals, Jacobson's organ is a cavity to do which of the following?‘Phone-a-Friend’ lifeline used","['⬥ A:Smell', '⬥ B:Swim', '⬥ C:Digest', '⬥ D:See']",⬥ A:Smell
In which of these countries do motorists normally drive on the right-hand side of the street?,"['⬥ A:Thailand', '⬥ B:Japan', '⬥ C:Indonesia', '⬥ D:Brazil']",⬥ D:Brazil
"Who was the first U.S. president to be elected with the assistance of women visitors?""Phone-a-Friend"" lifeline used","['⬥ A:Theodore Roosevelt', '⬥ B:William Howard Taft', '⬥ C:Woodrow Wilson', '⬥ D:Warren G. Harding']",⬥ D:Warren G. Harding
Acupuncture is an alternative medicinal practice that uses what to treat the body?,"['⬥ A:Hot stones', '⬥ B:Herbal potions', '⬥ C:Needles', '⬥ D:Häagen-Dazs']",⬥ C:Needles
Ward and June are the names of the parents on what classic TV series?,"['⬥ A:Leave It To Beaver', '⬥ B:Dennis the Menace', '⬥ C:Father Knows Best', '⬥ D:Petticoat Junction']",⬥ A:Leave It To Beaver
"The Texas city Corpus Christi gets its name from a Latin phrase meaning ""the"" what ""of Christ""?","['⬥ A:Spirit', '⬥ B:Word', '⬥ C:Touch', '⬥ D:Body']",⬥ D:Body
"Which of these keys on a standard keyboard is traditionally typed using the thumb?""50:50"" lifeline used","['⬥ A:Return key', '⬥ B:Space bar', '⬥ C:Tab key', '⬥ D:Shift key']",⬥ B:Space bar
"In the Northern Hemisphere, the harvest moon is the full moon nearest which of these days?","['⬥ A:Vernal equinox', '⬥ B:Summer solstice', '⬥ C:Autumnal equinox', '⬥ D:Winter solstice']",⬥ C:Autumnal equinox
"Internet provider AOL offers an online chat service called ""Instant"" what?""Ask the Audience"" lifeline used","['⬥ A:Friend', '⬥ B:Correspondence', '⬥ C:Messenger', '⬥ D:Headache']",⬥ C:Messenger
"On the TV series ""The Munsters"", Herman Munster resembles what legendary monster?","['⬥ A:Frankenstein', '⬥ B:The Mummy', '⬥ C:Dracula', '⬥ D:Werewolf']",⬥ A:Frankenstein
"""Unterseeboot"" is the German word for what kind of vessel?","['⬥ A:Steamboat', '⬥ B:Submarine', '⬥ C:Rowboat', '⬥ D:Ocean liner']",⬥ B:Submarine
Who is President George W. Bush's Press Secretary?,"['⬥ A:Andrew Card', '⬥ B:Karen Hughes', '⬥ C:Karl Rove', '⬥ D:Ari Fleischer']",⬥ D:Ari Fleischer
The game tic-tac-toe is also known by what name?,"['⬥ A:Sticks & stones', '⬥ B:Noughts & crosses', '⬥ C:Bits & pieces', '⬥ D:Hugs & kisses']",⬥ B:Noughts & crosses
What kind of geological formation is an archipelago?,"['⬥ A:Chain of Islands', '⬥ B:Intersecting rivers', '⬥ C:Volcanic crater', '⬥ D:Mountain range']",⬥ A:Chain of Islands
"What restaurant chain offers a signature meal called the Rooty Tooty Fresh 'N Fruity?""Phone-a-Friend"" lifeline used","[""⬥ A:Denny's"", ""⬥ B:Chili's"", ""⬥ C:T.G.I. Friday's"", '⬥ D:IHOP']",⬥ D:IHOP
Which of these children's games requires kids to hold each others' hands?,"['⬥ A:Duck Duck Goose', '⬥ B:Hopscotch', '⬥ C:Red Rover', '⬥ D:Crossing the Freeway']",⬥ C:Red Rover
"In 1971, the Animal Welfare Institute launched its famous campaign to ""Save the"" what?","['⬥ A:Whales', '⬥ B:Bears', '⬥ C:Eagles', '⬥ D:Chimpanzees']",⬥ A:Whales
"What does the ""P"" stand for in the international organization name ""OPEC""?","['⬥ A:Peace', '⬥ B:Petroleum', '⬥ C:Power', '⬥ D:Political']",⬥ B:Petroleum
"In the Northern Hemisphere, the longest day of the year occurs during what month?","['⬥ A:May', '⬥ B:June', '⬥ C:July', '⬥ D:August']",⬥ B:June
"World War II began on September 1, 1939 when Germany invaded what country?","['⬥ A:Poland', '⬥ B:France', '⬥ C:Belgium', '⬥ D:USSR']",⬥ A:Poland
"In the 1860s, French scientist Louis Pasteur invented a process used to sterilize which of the following?","['⬥ A:Water', '⬥ B:Aspirin', '⬥ C:Milk', '⬥ D:Mrs. Pasteur']",⬥ C:Milk
"In the U.S., Thanksgiving falls on what day of the week?","['⬥ A:Sunday', '⬥ B:Tuesday', '⬥ C:Thursday', '⬥ D:Friday']",⬥ C:Thursday
Which of these musical instruments has small hammers inside of it?,"['⬥ A:Piano', '⬥ B:Cello', '⬥ C:Oboe', '⬥ D:Accordion']",⬥ A:Piano
"On June 30, 2002, the U.S. Postal Service raised the price of a First-Class stamp from 34 cents to what?""Ask the Audience"" lifeline used","['⬥ A:36 cents', '⬥ B:37 cents', '⬥ C:38 cents', '⬥ D:39 cents']",⬥ B:37 cents
"In mathematics, the binary number system uses what number as its base?","['⬥ A:1', '⬥ B:2', '⬥ C:5', '⬥ D:10']",⬥ B:2
Which TV animal breathes through a blowhole?,"['⬥ A:Flipper', '⬥ B:Lassie', '⬥ C:Mr. Ed', ""⬥ D:Bill O'Reilly""]",⬥ A:Flipper
Whose picture is on the $100 bill?,"['⬥ A:Patrick Henry', '⬥ B:Samuel Adams', '⬥ C:John Hancock', '⬥ D:Benjamin Franklin']",⬥ D:Benjamin Franklin
What would you use a loofah to do?,"['⬥ A:Mix a drink', '⬥ B:Take a shower', '⬥ C:Trim a hedge', '⬥ D:Knit a sweater']",⬥ B:Take a shower
What melted the Wicked Witch of the West?,"['⬥ A:Sunlight', '⬥ B:Music', '⬥ C:Water', '⬥ D:Fire']",⬥ C:Water
"In Chicago's song ""Saturday in the Park"", what day is it?","['⬥ A:First day of spring', '⬥ B:Fourth of July', '⬥ C:Some time in May', '⬥ D:Halloween']",⬥ B:Fourth of July
"What coach said ""Winning isn't everything, it's the only thing""?","['⬥ A:Vince Lombardi', '⬥ B:George Halas', '⬥ C:Knute Rockne', '⬥ D:Bear Bryant']",⬥ A:Vince Lombardi
A mixture of two metals is a what?,"['⬥ A:Tincture', '⬥ B:Alloy', '⬥ C:Emulsion', '⬥ D:Suspension']",⬥ B:Alloy
What would not be treated by an otolaryngologist?,"['⬥ A:Throat', '⬥ B:Nose', '⬥ C:Eye', '⬥ D:Ear']",⬥ C:Eye
"What color is the center square in the game Scrabble?""Ask the Audience"" and ""50:50"" lifelines used","['⬥ A:Red', '⬥ B:Pink', '⬥ C:Dark blue', '⬥ D:Light blue']",⬥ B:Pink
"Often used with fireplaces, a bellows is a device that forcibly expels what?","['⬥ A:Water', '⬥ B:Sand', '⬥ C:Air', '⬥ D:Romance']",⬥ C:Air
"In the Boy Scouts of America, what is the highest rank a scout can achieve?","['⬥ A:Eagle', '⬥ B:Lion', '⬥ C:Bear', '⬥ D:Wolf']",⬥ A:Eagle
"In what Broadway musical does a chorus of teens sing, ""Tell me more, tell me more, did you get very far""?'Ask the Audience' lifeline used","['⬥ A:West Side Story', '⬥ B:Bye Bye Birdie', '⬥ C:Grease', '⬥ D:Oliver!']",⬥ C:Grease
"In the classic children's game ""Hungry Hungry Hippos,"" what do the hippos eat?","['⬥ A:Dice', '⬥ B:Pegs', '⬥ C:Beanbags', '⬥ D:Marbles']",⬥ D:Marbles
Irish coffee is traditionally made with what liquor?'Phone-a-Friend' lifeline used,"['⬥ A:Vodka', '⬥ B:Whiskey', '⬥ C:Gin', '⬥ D:Rum']",⬥ B:Whiskey
"On the TV series ""Welcome Back, Kotter,"" what does Horshack say when he raises his hand in class?","['⬥ A:Psst! Psst!', '⬥ B:Over here!', '⬥ C:Ooo! Ooo!', '⬥ D:Me! Me! Me!']",⬥ C:Ooo! Ooo!
"In classical Greek architecture, what type of column is traditionally the most ornate?'50:50' lifeline used","['⬥ A:Ionic', '⬥ B:Tuscan', '⬥ C:Doric', '⬥ D:Corinthian']",⬥ D:Corinthian
Richard Nixon's pet dog Checkers was what breed?,"['⬥ A:Beagle', '⬥ B:Cocker spaniel', '⬥ C:German shepherd', '⬥ D:Collie']",⬥ B:Cocker spaniel
"The children's song ""The Hokey Pokey"" ends with what line?","['⬥ A:I never had a doubt', ""⬥ B:Why don't we all go out"", ""⬥ C:That's what it's all about"", ""⬥ D:Who's got aspirin?""]",⬥ C:That's what it's all about
A tomahawk is a small what?,"['⬥ A:Knife', '⬥ B:Ax', '⬥ C:Club', '⬥ D:Spear']",⬥ B:Ax
"What weather condition is often described as ""pea soup""?","['⬥ A:Hazy sun', '⬥ B:Thick fog', '⬥ C:Freezing rain', '⬥ D:Gusty winds']",⬥ B:Thick fog
"In India, snake charmers traditionally charm what kind of snakes into dancing?","['⬥ A:Boa constrictors', '⬥ B:Adders', '⬥ C:Cobras', '⬥ D:Anacondas']",⬥ C:Cobras
Rivals Krystle and Alexis duke it out in a lily pond in a famous scene from what 1980s TV drama?,"[""⬥ A:Knot's Landing"", '⬥ B:Falcon Crest', '⬥ C:Dallas', '⬥ D:Dynasty']",⬥ D:Dynasty
"""Big Sky Country"" is a popular nickname for what U.S. state?""Ask the Audience"" lifeline used","['⬥ A:Idaho', '⬥ B:South Dakota', '⬥ C:Montana', '⬥ D:Wyoming']",⬥ C:Montana
"By definition, an apéritif is a drink served when?","['⬥ A:Before a meal', '⬥ B:Before bedtime', '⬥ C:Before noon', '⬥ D:Before departing']",⬥ A:Before a meal
"Since 1984, who has been the host of the TV game show ""Jeopardy!""?","['⬥ A:Monty Hall', '⬥ B:Wink Martindale', '⬥ C:Alex Trebek', ""⬥ D:What's Jeopardy!?""]",⬥ C:Alex Trebek
A long-running ad campaign instructs you to spend two months' salary on what?,"['⬥ A:Rent', '⬥ B:Summer vacation', '⬥ C:Clothing', '⬥ D:Engagement ring']",⬥ D:Engagement ring
How many lines are there in a standard knock-knock joke?,"['⬥ A:3', '⬥ B:4', '⬥ C:5', '⬥ D:6']",⬥ C:5
"The show business question ""Will it play in Peoria?"" refers to a town in what U.S. state?","['⬥ A:Illinois', '⬥ B:Kansas', '⬥ C:Iowa', '⬥ D:Nebraska']",⬥ A:Illinois
"The ""E"" in the federal agency acronym ""FEMA"" stands for what?","['⬥ A:Energy', '⬥ B:Emergency', '⬥ C:Elections', '⬥ D:Education']",⬥ B:Emergency
"On the TV series ""Night Court,"" what is the nickname of the tall, bald bailiff?""Ask the Audience"" lifeline used","['⬥ A:Bear', '⬥ B:Whale', '⬥ C:Moose', '⬥ D:Bull']",⬥ D:Bull
The Ireng River in Guyana borders what other South American country?“50:50” lifeline used,"['⬥ A:Brazil', '⬥ B:Suriname', '⬥ C:?', '⬥ D:?']",⬥ A:Brazil
"In the classic cartoons, what is Bugs Bunny's signature greeting?","[""⬥ A:What's up, doc?"", '⬥ B:Howdy, partner', ""⬥ C:What's new, pussycat?"", ""⬥ D:That's no carrot...""]","⬥ A:What's up, doc?"
In which of these high school classes are students most likely to use a petri dish?,"['⬥ A:Physics', '⬥ B:Home economics', '⬥ C:Biology', '⬥ D:Physical education']",⬥ C:Biology
"Which of these animals can change the color of its skin, depending on its mood and environment?","['⬥ A:Lion', '⬥ B:Octopus', '⬥ C:Zebra', '⬥ D:Elephant']",⬥ B:Octopus
"Brothers Dennis, Carl and Brian Wilson were founding members of what pop band?","['⬥ A:The Beach Boys', '⬥ B:The Mamas & the Papas', '⬥ C:The Turtles', ""⬥ D:The Lovin' Spoonful""]",⬥ A:The Beach Boys
Mesquite is a type of wood traditionally used in what method of cooking?,"['⬥ A:Stir-fry', '⬥ B:Braising', '⬥ C:Fondue', '⬥ D:Barbecue']",⬥ D:Barbecue
"Where on the body would you normally find a ""soul patch""?'Ask the Audience' and '50:50' lifelines used","['⬥ A:Under the navel', '⬥ B:Above the chin', '⬥ C:Around the elbows', '⬥ D:Behind the ears']",⬥ B:Above the chin
The Ficus elastica is a common houseplant better known by what name?,"['⬥ A:Spider plant', '⬥ B:Jade plant', '⬥ C:Zebra plant', '⬥ D:Rubber plant']",⬥ D:Rubber plant
"A popular site for pilgrimages, the Wailing Wall is located in what city?","['⬥ A:Mecca', '⬥ B:Rome', '⬥ C:Cairo', '⬥ D:Jerusalem']",⬥ D:Jerusalem
"In the 1984 movie ""The Karate Kid,"" Daniel's tournament-winning kick shares its name with what bird?'Phone-a-Friend' lifeline used","['⬥ A:Eagle', '⬥ B:Hawk', '⬥ C:Crane', '⬥ D:Falcon']",⬥ C:Crane
"Weighing around three pounds, what is the heaviest internal organ in the human body?","['⬥ A:Pancreas', '⬥ B:Liver', '⬥ C:Heart', '⬥ D:Spleen']",⬥ B:Liver
"The word ""maverick"" comes from the name of an American pioneer who refused to do what?","['⬥ A:Use barbed wire', '⬥ B:Shoot wild animals', '⬥ C:Brand his cows', '⬥ D:Pay his taxes']",⬥ C:Brand his cows
"Issued in 1934 for use by Federal Reserve banks, the $100,000 bill features what U.S. president on its front?","['⬥ A:James Monroe', '⬥ B:James Madison', '⬥ C:Theodore Roosevelt', '⬥ D:Woodrow Wilson']",⬥ D:Woodrow Wilson
"According to a popular nursery rhyme, who was “eating her curds and whey”?","['⬥ A:Old Mother Hubbard', '⬥ B:Little Bo-peep', '⬥ C:Little Miss Muffet', '⬥ D:Jenny Craig']",⬥ C:Little Miss Muffet
“Grease monkey” is slang for a person who works as a what?,"['⬥ A:Mechanic', '⬥ B:Barber', '⬥ C:Short-order cook', '⬥ D:Coal miner']",⬥ A:Mechanic
"Founded in Hawaii in 1851, the Dole Food Company began as a grower of what fruit?","['⬥ A:Peach', '⬥ B:Watermelon', '⬥ C:Orange', '⬥ D:Pineapple']",⬥ D:Pineapple
Which of these expressions is an example of an oxymoron?,"['⬥ A:Golden opportunity', '⬥ B:Downward spiral', '⬥ C:Living dead', '⬥ D:Change of heart']",⬥ C:Living dead
What 1970s  TV series title character has the last name Morgenstern?,"['⬥ A:Alice', '⬥ B:Rhoda', '⬥ C:Maude', '⬥ D:Phyllis']",⬥ B:Rhoda
What sci-fi author wrote “Journey to the Center of the Earth” and “Around the World in Eighty Days”?'Ask the Audience' lifeline used,"['⬥ A:H.G. Wells', '⬥ B:Edgar Rice Burroughs', '⬥ C:Jules Verne', '⬥ D:Ray Bradbury']",⬥ C:Jules Verne
"Due to a controversy over nude photos, what state initially sent two women to the 2002 Miss America pageant?","['⬥ A:Texas', '⬥ B:Colorado', '⬥ C:Iowa', '⬥ D:North Carolina']",⬥ D:North Carolina
What animal is mentioned in the opening lines of the classic song “Mack the Knife”?,"['⬥ A:Fox', '⬥ B:Tiger', '⬥ C:Shark', '⬥ D:Snake']",⬥ C:Shark
What retailer is known for its flexible work program aimed at Olympic hopefuls?,"['⬥ A:Home Depot', '⬥ B:Wal-Mart', '⬥ C:Target', '⬥ D:Barnes & Noble']",⬥ A:Home Depot
What father and son won Academy Awards for the same movie?’Phone-a-Friend‘ lifeline used,"['⬥ A:Henry & Peter Fonda', '⬥ B:Jason & Sam Robards', '⬥ C:Walter & John Huston', '⬥ D:Kirk & Michael Douglas']",⬥ C:Walter & John Huston
“Nanuq” is the Inuit word for what animal?’50:50’ lifeline used,"['⬥ A:Seal', '⬥ B:Polar bear', '⬥ C:Wolf', '⬥ D:Whale']",⬥ B:Polar bear
"According to its label, Murphy Oil Soap ""Safety Cleans"" what surface?'Ask the Audience' lifeline used","['⬥ A:Cement', '⬥ B:Marble', '⬥ C:Wood', '⬥ D:Glass']",⬥ C:Wood
"According to an old saying, ""Possession is nine-tenths of the"" what?","['⬥ A:Law', '⬥ B:Business', '⬥ C:Pleasure', '⬥ D:Battle']",⬥ A:Law
"By definition, a nocturne is a work of art depicting what?","['⬥ A:Day', '⬥ B:Night', '⬥ C:Heaven', '⬥ D:Nature']",⬥ A:Day
"Since 1983, who has been the sole anchor of ""NBC Nightly News""?'50:50' lifeline used","['⬥ A:Tom Brokaw', '⬥ B:Bernard Shaw', '⬥ C:Ted Koppel', '⬥ D:David Brinkley']",⬥ A:Tom Brokaw
"When the U.S. national anthem is played, it is customary for men to remove their what?","['⬥ A:Hats', '⬥ B:Jackets', '⬥ C:Neckties', '⬥ D:Toupees']",⬥ A:Hats
What is the nationality of children's book character Harry Potter?,"['⬥ A:German', '⬥ B:American', '⬥ C:English', '⬥ D:French']",⬥ C:English
Headgear is a device often worn by teenagers to help do what?,"['⬥ A:Lose weight', '⬥ B:Straighten teeth', '⬥ C:Prevent sunburn', '⬥ D:Improve hearing']",⬥ B:Straighten teeth
"By definition, a translucent object allows what to pass through it?","['⬥ A:Electricity', '⬥ B:Water', '⬥ C:Air', '⬥ D:Light']",⬥ D:Light
"According to the title of a 1985 Tears for Fears song, ""Everybody Wants to"" do what?","['⬥ A:Sell Their Soul', '⬥ B:Make a Difference', '⬥ C:Rule the World', '⬥ D:Find Somebody']",⬥ C:Rule the World
Which of these islands shares its name with a popular computer language?,"['⬥ A:Java', '⬥ B:Malta', '⬥ C:Crete', '⬥ D:Cyprus']",⬥ A:Java
A single term for members of the U.S. House of Representatives lasts how many years?,"['⬥ A:2', '⬥ B:4', '⬥ C:6', '⬥ D:8']",⬥ A:2
Most of the over 800 known Dead Sea Scrolls are written in what language?'50:50' and 'Phone-a-Friend'lifelinesused,"['⬥ A:Greek', '⬥ B:Hebrew', '⬥ C:Latin', '⬥ D:Sanskrit']",⬥ B:Hebrew
The U.S. tested its first atomic bomb in 1945 near what location?'Ask the Audience'lifelineused,"['⬥ A:Amchitka, AK', '⬥ B:Hattiesburg, MS', '⬥ C:Alamogordo, NM', '⬥ D:Farmington, CO']","⬥ C:Alamogordo, NM"
"Jean Auel's 2002 book ""The Shelters of Stone"" continues the series that began with what 1980 novel?","['⬥ A:The Clan of the Cave Bear', '⬥ B:The Name of the Rose', ""⬥ C:Mistral's Daughter"", '⬥ D:The Lonesome Gods']",⬥ A:The Clan of the Cave Bear
A turophile is a gourmet who specializes in what kind of food?,"['⬥ A:Caviar', '⬥ B:Fruit', '⬥ C:Chocolate', '⬥ D:Cheese']",⬥ D:Cheese
Queen Victoria's 1840 wedding is credited with popularizing what tradition?,"['⬥ A:Tossing a bouquet', '⬥ B:White bridal gown', '⬥ C:Throwing rice', '⬥ D:Flower girls']",⬥ B:White bridal gown
"Which of these movie stars is not mentioned in Madonna's 1990 song ""Vogue""?'Phone-a-Friend' lifeline used","['⬥ A:Bette Davis', '⬥ B:Rita Hayworth', '⬥ C:Fred Astaire', '⬥ D:Cary Grant']",⬥ D:Cary Grant
"The military alert term ""DEFCON"" is short for what?","['⬥ A:Defined Containment', '⬥ B:Defense Condition', '⬥ C:Deflected Contest', '⬥ D:Definite Conflict']",⬥ B:Defense Condition
"Nicknamed ""Old Ironsides,"" the U.S.S. Constitution is docked outside what city?","['⬥ A:Philadelphia', '⬥ B:Baltimore', '⬥ C:New York', '⬥ D:Boston']",⬥ D:Boston
"Quoting economist Adam Smith, Napoleon dismissed England as ""nation of"" what?","['⬥ A:Shopkeepers', '⬥ B:Haberdashers', '⬥ C:Fox hunters', '⬥ D:Carpenters']",⬥ A:Shopkeepers
The video game system Atari takes its name from a term used in what game?'50:50 lifeline used',"['⬥ A:Chinese checkers', '⬥ B:Parcheesi', '⬥ C:Mah-jongg', '⬥ D:Go']",⬥ D:Go
"The ""D.C."" in the name of our nation's capital stands for ""District of"" what?","['⬥ A:Columbia', '⬥ B:Chesapeake', '⬥ C:Cambridge', '⬥ D:Crooks']",⬥ A:Columbia
"What rock group was nicknamed ""The Fab Four""?","['⬥ A:The Rolling Stones', '⬥ B:The Beatles', '⬥ C:The Who', '⬥ D:The Kinks']",⬥ B:The Beatles
Which of these parts of an oak tree contains most of its chlorophyll?,"['⬥ A:Leaf', '⬥ B:Root', '⬥ C:Acorn', '⬥ D:Bark']",⬥ A:Leaf
What type of celestial body is often described as having a head and tail?,"['⬥ A:Moon', '⬥ B:Star', '⬥ C:Black hole', '⬥ D:Comet']",⬥ D:Comet
"In the U.S., what kind of omelet is traditionally served with chopped green pepper, onion, and tomato?","['⬥ A:Spanish', '⬥ B:French', '⬥ C:Italian', '⬥ D:German']",⬥ A:Spanish
"""Tale as old as time"" is the opening line of what Oscar-winning song?","['⬥ A:My Heart Will Go On', '⬥ B:Up Where We Belong', '⬥ C:Beauty and the Beast', '⬥ D:A Whole New World']",⬥ C:Beauty and the Beast
"In 1964, what gas company began a Christmas tradition when it released a toy truck bearing its logo?'Ask the Audience' lifeline used","['⬥ A:Amoco', '⬥ B:Hess', '⬥ C:Gulf', '⬥ D:Texaco']",⬥ B:Hess
"In 1995, Air Force pilot Scott O'Grady was rescued six days after being shot down over what country?","['⬥ A:North Korea', '⬥ B:Iraq', '⬥ C:China', '⬥ D:Bosnia']",⬥ D:Bosnia
"The 1987 movie ""The Princess Bride"" features a criminal mastermind who often uses what word?","['⬥ A:Voluminous', '⬥ B:Fallacious', '⬥ C:Scrumptious', '⬥ D:Inconceivable']",⬥ D:Inconceivable
"What kind of athletes participate in an event known as the ""Super G""?","['⬥ A:Skiers', '⬥ B:Ice skaters', '⬥ C:Cyclists', '⬥ D:Runners']",⬥ A:Skiers
What leader traditionally receives a ceremonial gold ring called the Ring of the Fisherman?'Phone-a-Friend' lifeline used,"['⬥ A:Shah of Iran', '⬥ B:Pope', '⬥ C:British Prime Minister', '⬥ D:Dalai Lama']",⬥ B:Pope
"According to superstition, garlic worn around the neck protects a person from which of the following?","['⬥ A:Werewolves', '⬥ B:Bad weather', '⬥ C:Vampires', '⬥ D:Lasting relationships']",⬥ C:Vampires
Which of these insects is closely related to the grasshopper?,"['⬥ A:Ladybug', '⬥ B:Wasp', '⬥ C:Butterfly', '⬥ D:Cricket']",⬥ D:Cricket
"On July 20, 1969, Neil Armstrong famously said, “The Eagle has” what?","['⬥ A:Flown', '⬥ B:Landed', '⬥ C:Triumphed', '⬥ D:Arrived']",⬥ B:Landed
"In the Bible, God reveals himself to Moses in the form of a what?","['⬥ A:Fruit tree', '⬥ B:Snake', '⬥ C:Burning bush', '⬥ D:Golden calf']",⬥ C:Burning bush
"What credit car’s classic ads featured celebrities asking, “Do you know?”?“Ask the Audience” lifeline used.","['⬥ A:American Express', '⬥ B:MasterCard', '⬥ C:Visa', '⬥ D:Diner’s Club']",⬥ A:American Express
"In 2001, Andre Agassi married what women’s tennis star in a price Las Vegas ceremony?","['⬥ A:Lindsay Davenport', '⬥ B:Jennifer Capriati', '⬥ C:Martina Hingis', '⬥ D:Steffi Graf']",⬥ D:Steffi Graf
The historic Ford’s Theatre is located in what U.S. city?,"['⬥ A:Washington, D.C.', '⬥ B:Chicago', '⬥ C:Philadelphia', '⬥ D:Richmond']","⬥ A:Washington, D.C."
American tycoon Andrew Carnegie made his fortune in what industry?,"['⬥ A:Oil', '⬥ B:Fur', '⬥ C:Steel', '⬥ D:Real estate']",⬥ C:Steel
What John Waters movie was adapted into a hit Broadway musical that opened in 2002?'Phone-a-Friend' lifeline used,"['⬥ A:Hairspray', '⬥ B:Cry-Baby', '⬥ C:Polyester', '⬥ D:Pink Flamingos']",⬥ A:Hairspray
What is the highest level in the Hindu caste system?’50:50' lifeline used,"['⬥ A:Sudra', '⬥ B:Kshatriya', '⬥ C:Valsya', '⬥ D:Drahman']",⬥ D:Drahman
What type of animal is a snook?,"['⬥ A:Bird', '⬥ B:Fish', '⬥ C:Lizard', '⬥ D:Insect']",⬥ B:Fish
What bird lays the largest egg?,"['⬥ A:Ostrich', '⬥ B:Falcon', '⬥ C:Penguin', '⬥ D:NBC peacock']",⬥ A:Ostrich
"According to legend, George Washington refused to lie about chopping down what kind of tree?","['⬥ A:Peach tree', '⬥ B:Willow tree', '⬥ C:Cherry tree', '⬥ D:Oak tree']",⬥ C:Cherry tree
"In mathematics, what are classified as acute, obtuse, or right?","['⬥ A:Angles', '⬥ B:Bases', '⬥ C:Curves', '⬥ D:Axes']",⬥ A:Angles
What is the name of the substance that makes up the hard outer surface of a human tooth?,"['⬥ A:Dentin', '⬥ B:Enamel', '⬥ C:Cementum', '⬥ D:Porcelain']",⬥ B:Enamel
"On the game show ""Wheel of Fortune,"" how much does it cost to buy a vowel?","['⬥ A:$50', '⬥ B:$100', '⬥ C:$250', '⬥ D:$500']",⬥ C:$250
Which of these musical instruments would most likely be played at a luau?,"['⬥ A:Harp', '⬥ B:Ukulele', '⬥ C:Piano', '⬥ D:Hawaii Five-Oboe']",⬥ B:Ukulele
"Which of the following is usually considered a ""red"" meat?","['⬥ A:Pork', '⬥ B:Chicken', '⬥ C:Beef', '⬥ D:Turkey']",⬥ C:Beef
"Geoffrey, the mascot of Toys ""R"" Us, is what type of animal?","['⬥ A:Giraffe', '⬥ B:Jackal', '⬥ C:Gorilla', '⬥ D:Gerbil']",⬥ A:Giraffe
"In a 1973 hit single, Elton John sings ""Goodbye"" to what?","['⬥ A:Garden of Eden', '⬥ B:Neverland', '⬥ C:White Picket Fence', '⬥ D:Yellow Brick Road']",⬥ D:Yellow Brick Road
"In a famous line from Shakespeare, what emotion is called the ""green-eyed monster""?","['⬥ A:Happiness', '⬥ B:Sympathy', '⬥ C:Remorse', '⬥ D:Jealousy']",⬥ D:Jealousy
"By definition, a vintner is a person who makes or sells what?","['⬥ A:Candy', '⬥ B:Wine', '⬥ C:Mirrors', '⬥ D:Cheese']",⬥ B:Wine
